<?xml version="1.0" encoding="UTF-8"?>
<project-private xmlns="http://www.netbeans.org/ns/project-private/1">
    <editor-bookmarks xmlns="http://www.netbeans.org/ns/editor-bookmarks/2" lastBookmarkId="0"/>
    <open-files xmlns="http://www.netbeans.org/ns/projectui-open-files/2">
        <group>
            <file>file:/C:/Users/tasya/OneDrive/Documents/GitHub/2025-javaee-folder1-syaurr/Project1/web/form5.jsp</file>
            <file>file:/C:/Users/tasya/OneDrive/Documents/GitHub/2025-javaee-folder1-syaurr/Project1/web/setsession1.jsp</file>
            <file>file:/C:/Users/tasya/OneDrive/Documents/GitHub/2025-javaee-folder1-syaurr/Project1/web/showsession1.jsp</file>
            <file>file:/C:/Users/tasya/OneDrive/Documents/GitHub/2025-javaee-folder1-syaurr/Project1/web/removesession1.jsp</file>
            <file>file:/C:/Users/tasya/OneDrive/Documents/GitHub/2025-javaee-folder1-syaurr/Project1/web/index.jsp</file>
            <file>file:/C:/Users/tasya/OneDrive/Documents/GitHub/2025-javaee-folder1-syaurr/Project1/web/formlogin.jsp</file>
            <file>file:/C:/Users/tasya/OneDrive/Documents/GitHub/2025-javaee-folder1-syaurr/Project1/web/login.jsp</file>
            <file>file:/C:/Users/tasya/OneDrive/Documents/GitHub/2025-javaee-folder1-syaurr/Project1/web/home.jsp</file>
        </group>
    </open-files>
</project-private>
